{
    "maximum_pressure_ts": [
        2.86247967894298,
        2.93259359838848,
        2.9374941810323
    ],
    "minimum_pressure_ts": [
        -0.0333708331914867,
        0.117947323806747,
        -0.0208539858712568
    ],
    "median_pressure_ts": [
        1.495514941102285,
        1.487006281201225,
        1.4801583973069001
    ],
    "mean_absolute_deviation_pressure_ts": [
        0.6479046616455993,
        0.6403140001329999,
        0.6490414809759008
    ],
    "activity_and_small_scatter": [
        1.5,
        1.5,
        1.5
    ],
    "environment_and_small_scatter": [
        1.5,
        1.5,
        1.5
    ],
    "evaluation": "ok"
}