{
    "maximum_pressure_ts": [
        2.86247967894298,
        2.93259359838848,
        2.9374941810323,
        2.84789138749168,
        2.89013978790399,
        3.0,
        2.96381360723208,
        2.99432818570923,
        2.94734961985471,
        2.841362951463
    ],
    "minimum_pressure_ts": [
        0.0,
        0.117947323806747,
        0.0,
        0.0,
        0.0,
        0.0729358064920708,
        0.0383453292333487,
        0.0140050048993015,
        0.0,
        0.0658943536503898
    ],
    "median_pressure_ts": [
        1.495514941102285,
        1.487006281201225,
        1.4801583973069001,
        1.51970892346292,
        1.518548916210415,
        1.51105794589249,
        1.502943976027215,
        1.482454039953725,
        1.521775049194355,
        1.49822381647906
    ],
    "mean_absolute_deviation_pressure_ts": [
        0.6478777499652049,
        0.6403140001329999,
        0.6490247999276199,
        0.650663746356391,
        0.6576397283599289,
        0.6501477898348065,
        0.6459139010363684,
        0.6487097536502698,
        0.6483129423812369,
        0.6520965974289848
    ],
    "activity_and_small_scatter": [
        0.7246340607880999,
        1.1334586142395202,
        0.6169707968558071,
        1.0901605161250347,
        1.3254861840327794,
        1.1788616198063788,
        0.5992974373511841,
        0.5372975867799292,
        0.7145994657935865,
        1.398703752726219
    ],
    "environment_and_small_scatter": [
        0.6431389182968853,
        1.2769807027308615,
        1.4209541095228655,
        1.1724466962575406,
        1.1632686876908265,
        1.3106796283535365,
        1.260978622016017,
        0.6946121999611007,
        1.3117910614848753,
        1.4107894880556988
    ],
    "evaluation": "ok"
}